--------------------------------------------------------
--  파일이 생성됨 - 토요일-12월-10-2022   
--------------------------------------------------------
--------------------------------------------------------
--  DDL for Table ADDITIONAL
--------------------------------------------------------

  CREATE TABLE "CSHYEONJU"."ADDITIONAL" 
   (	"NO" VARCHAR2(20 BYTE), 
	"BIRTH" DATE, 
	"TYPE" VARCHAR2(20 BYTE), 
	"WORKINGHOUR" NUMBER, 
	"VACATIONHOUR" NUMBER, 
	"ENTRY" DATE
   ) SEGMENT CREATION IMMEDIATE 
  PCTFREE 10 PCTUSED 40 INITRANS 1 MAXTRANS 255 NOCOMPRESS LOGGING
  STORAGE(INITIAL 65536 NEXT 1048576 MINEXTENTS 1 MAXEXTENTS 2147483645
  PCTINCREASE 0 FREELISTS 1 FREELIST GROUPS 1 BUFFER_POOL DEFAULT FLASH_CACHE DEFAULT CELL_FLASH_CACHE DEFAULT)
  TABLESPACE "SYSTEM" ;
--------------------------------------------------------
--  DDL for Table ANNUALSTATUS
--------------------------------------------------------

  CREATE TABLE "CSHYEONJU"."ANNUALSTATUS" 
   (	"EMPNO" VARCHAR2(20 BYTE), 
	"YEAR" VARCHAR2(20 BYTE), 
	"TYPE" VARCHAR2(20 BYTE), 
	"TOTAL" VARCHAR2(20 BYTE), 
	"LEFTOVER" VARCHAR2(20 BYTE)
   ) SEGMENT CREATION IMMEDIATE 
  PCTFREE 10 PCTUSED 40 INITRANS 1 MAXTRANS 255 NOCOMPRESS LOGGING
  STORAGE(INITIAL 65536 NEXT 1048576 MINEXTENTS 1 MAXEXTENTS 2147483645
  PCTINCREASE 0 FREELISTS 1 FREELIST GROUPS 1 BUFFER_POOL DEFAULT FLASH_CACHE DEFAULT CELL_FLASH_CACHE DEFAULT)
  TABLESPACE "SYSTEM" ;
--------------------------------------------------------
--  DDL for Table ATTENDANCE
--------------------------------------------------------

  CREATE TABLE "CSHYEONJU"."ATTENDANCE" 
   (	"EMPNO" VARCHAR2(20 BYTE), 
	"ATNDDATE" DATE, 
	"ATNDTYPE" VARCHAR2(20 BYTE), 
	"STARTTIME" VARCHAR2(20 BYTE), 
	"STOPTIME" VARCHAR2(20 BYTE), 
	"NOTE" VARCHAR2(1024 BYTE), 
	"CONFIRM" VARCHAR2(20 BYTE), 
	"CONFIRMUSER" VARCHAR2(20 BYTE), 
	"CONFIRMTIME" VARCHAR2(50 BYTE), 
	"TIME" VARCHAR2(20 BYTE)
   ) SEGMENT CREATION IMMEDIATE 
  PCTFREE 10 PCTUSED 40 INITRANS 1 MAXTRANS 255 NOCOMPRESS LOGGING
  STORAGE(INITIAL 65536 NEXT 1048576 MINEXTENTS 1 MAXEXTENTS 2147483645
  PCTINCREASE 0 FREELISTS 1 FREELIST GROUPS 1 BUFFER_POOL DEFAULT FLASH_CACHE DEFAULT CELL_FLASH_CACHE DEFAULT)
  TABLESPACE "SYSTEM" ;
--------------------------------------------------------
--  DDL for Table COMPANY
--------------------------------------------------------

  CREATE TABLE "CSHYEONJU"."COMPANY" 
   (	"CNAME" VARCHAR2(20 BYTE), 
	"FOUNDING" DATE
   ) SEGMENT CREATION IMMEDIATE 
  PCTFREE 10 PCTUSED 40 INITRANS 1 MAXTRANS 255 NOCOMPRESS LOGGING
  STORAGE(INITIAL 65536 NEXT 1048576 MINEXTENTS 1 MAXEXTENTS 2147483645
  PCTINCREASE 0 FREELISTS 1 FREELIST GROUPS 1 BUFFER_POOL DEFAULT FLASH_CACHE DEFAULT CELL_FLASH_CACHE DEFAULT)
  TABLESPACE "SYSTEM" ;
--------------------------------------------------------
--  DDL for Table DEPT
--------------------------------------------------------

  CREATE TABLE "CSHYEONJU"."DEPT" 
   (	"CODE" VARCHAR2(20 BYTE), 
	"NAME" VARCHAR2(20 BYTE), 
	"COMPANY" VARCHAR2(20 BYTE), 
	"LOCATION" VARCHAR2(50 BYTE), 
	"SENIORDEPT" VARCHAR2(20 BYTE)
   ) SEGMENT CREATION IMMEDIATE 
  PCTFREE 10 PCTUSED 40 INITRANS 1 MAXTRANS 255 NOCOMPRESS LOGGING
  STORAGE(INITIAL 65536 NEXT 1048576 MINEXTENTS 1 MAXEXTENTS 2147483645
  PCTINCREASE 0 FREELISTS 1 FREELIST GROUPS 1 BUFFER_POOL DEFAULT FLASH_CACHE DEFAULT CELL_FLASH_CACHE DEFAULT)
  TABLESPACE "SYSTEM" ;
--------------------------------------------------------
--  DDL for Table EMP
--------------------------------------------------------

  CREATE TABLE "CSHYEONJU"."EMP" 
   (	"NO" VARCHAR2(20 BYTE), 
	"PASSWORD" VARCHAR2(20 BYTE), 
	"NAME" VARCHAR2(20 BYTE), 
	"DEPT" VARCHAR2(20 BYTE), 
	"RANK" VARCHAR2(20 BYTE), 
	"TEL" VARCHAR2(20 BYTE), 
	"EMAIL" VARCHAR2(40 BYTE), 
	"STATUS" VARCHAR2(20 BYTE)
   ) SEGMENT CREATION IMMEDIATE 
  PCTFREE 10 PCTUSED 40 INITRANS 1 MAXTRANS 255 NOCOMPRESS LOGGING
  STORAGE(INITIAL 65536 NEXT 1048576 MINEXTENTS 1 MAXEXTENTS 2147483645
  PCTINCREASE 0 FREELISTS 1 FREELIST GROUPS 1 BUFFER_POOL DEFAULT FLASH_CACHE DEFAULT CELL_FLASH_CACHE DEFAULT)
  TABLESPACE "SYSTEM" ;
--------------------------------------------------------
--  DDL for Table WORKSTATUS
--------------------------------------------------------

  CREATE TABLE "CSHYEONJU"."WORKSTATUS" 
   (	"EMPNO" VARCHAR2(20 BYTE), 
	"MONTH" VARCHAR2(20 BYTE), 
	"PLANTIME" NUMBER, 
	"CURRENTTIME" NUMBER
   ) SEGMENT CREATION IMMEDIATE 
  PCTFREE 10 PCTUSED 40 INITRANS 1 MAXTRANS 255 NOCOMPRESS LOGGING
  STORAGE(INITIAL 65536 NEXT 1048576 MINEXTENTS 1 MAXEXTENTS 2147483645
  PCTINCREASE 0 FREELISTS 1 FREELIST GROUPS 1 BUFFER_POOL DEFAULT FLASH_CACHE DEFAULT CELL_FLASH_CACHE DEFAULT)
  TABLESPACE "SYSTEM" ;
REM INSERTING into CSHYEONJU.ADDITIONAL
SET DEFINE OFF;
Insert into CSHYEONJU.ADDITIONAL (NO,BIRTH,TYPE,WORKINGHOUR,VACATIONHOUR,ENTRY) values ('2022001',to_date('00/05/30','RR/MM/DD'),'정규직',40,96,to_date('21/07/01','RR/MM/DD'));
Insert into CSHYEONJU.ADDITIONAL (NO,BIRTH,TYPE,WORKINGHOUR,VACATIONHOUR,ENTRY) values ('2022002',to_date('00/06/09','RR/MM/DD'),'정규직',40,96,to_date('21/07/01','RR/MM/DD'));
Insert into CSHYEONJU.ADDITIONAL (NO,BIRTH,TYPE,WORKINGHOUR,VACATIONHOUR,ENTRY) values ('2022003',to_date('99/05/23','RR/MM/DD'),'정규직',40,96,to_date('21/07/01','RR/MM/DD'));
Insert into CSHYEONJU.ADDITIONAL (NO,BIRTH,TYPE,WORKINGHOUR,VACATIONHOUR,ENTRY) values ('2022004',to_date('97/09/12','RR/MM/DD'),'정규직',40,96,to_date('21/07/01','RR/MM/DD'));
Insert into CSHYEONJU.ADDITIONAL (NO,BIRTH,TYPE,WORKINGHOUR,VACATIONHOUR,ENTRY) values ('2022005',to_date('00/08/06','RR/MM/DD'),'정규직',40,96,to_date('21/07/01','RR/MM/DD'));
Insert into CSHYEONJU.ADDITIONAL (NO,BIRTH,TYPE,WORKINGHOUR,VACATIONHOUR,ENTRY) values ('2022006',to_date('01/01/13','RR/MM/DD'),'정규직',40,96,to_date('21/07/01','RR/MM/DD'));
Insert into CSHYEONJU.ADDITIONAL (NO,BIRTH,TYPE,WORKINGHOUR,VACATIONHOUR,ENTRY) values ('2022007',to_date('98/07/27','RR/MM/DD'),'정규직',40,96,to_date('21/07/01','RR/MM/DD'));
Insert into CSHYEONJU.ADDITIONAL (NO,BIRTH,TYPE,WORKINGHOUR,VACATIONHOUR,ENTRY) values ('2022008',to_date('96/06/03','RR/MM/DD'),'정규직',40,96,to_date('21/07/01','RR/MM/DD'));
Insert into CSHYEONJU.ADDITIONAL (NO,BIRTH,TYPE,WORKINGHOUR,VACATIONHOUR,ENTRY) values ('2022009',to_date('00/06/12','RR/MM/DD'),'정규직',40,96,to_date('21/07/01','RR/MM/DD'));
Insert into CSHYEONJU.ADDITIONAL (NO,BIRTH,TYPE,WORKINGHOUR,VACATIONHOUR,ENTRY) values ('2022010',to_date('00/05/08','RR/MM/DD'),'정규직',40,96,to_date('21/07/01','RR/MM/DD'));
Insert into CSHYEONJU.ADDITIONAL (NO,BIRTH,TYPE,WORKINGHOUR,VACATIONHOUR,ENTRY) values ('2022011',to_date('01/07/21','RR/MM/DD'),'정규직',40,96,to_date('21/07/01','RR/MM/DD'));
Insert into CSHYEONJU.ADDITIONAL (NO,BIRTH,TYPE,WORKINGHOUR,VACATIONHOUR,ENTRY) values ('2022012',to_date('02/04/24','RR/MM/DD'),'정규직',40,96,to_date('21/07/01','RR/MM/DD'));
Insert into CSHYEONJU.ADDITIONAL (NO,BIRTH,TYPE,WORKINGHOUR,VACATIONHOUR,ENTRY) values ('2022013',to_date('98/12/31','RR/MM/DD'),'정규직',40,96,to_date('21/07/01','RR/MM/DD'));
Insert into CSHYEONJU.ADDITIONAL (NO,BIRTH,TYPE,WORKINGHOUR,VACATIONHOUR,ENTRY) values ('2022014',to_date('98/11/30','RR/MM/DD'),'정규직',40,96,to_date('21/07/01','RR/MM/DD'));
Insert into CSHYEONJU.ADDITIONAL (NO,BIRTH,TYPE,WORKINGHOUR,VACATIONHOUR,ENTRY) values ('2022015',to_date('00/09/16','RR/MM/DD'),'정규직',40,96,to_date('21/07/01','RR/MM/DD'));
Insert into CSHYEONJU.ADDITIONAL (NO,BIRTH,TYPE,WORKINGHOUR,VACATIONHOUR,ENTRY) values ('2022016',to_date('01/08/19','RR/MM/DD'),'정규직',40,96,to_date('21/07/01','RR/MM/DD'));
Insert into CSHYEONJU.ADDITIONAL (NO,BIRTH,TYPE,WORKINGHOUR,VACATIONHOUR,ENTRY) values ('2022017',to_date('98/01/09','RR/MM/DD'),'정규직',40,96,to_date('21/07/01','RR/MM/DD'));
Insert into CSHYEONJU.ADDITIONAL (NO,BIRTH,TYPE,WORKINGHOUR,VACATIONHOUR,ENTRY) values ('2022018',to_date('99/01/24','RR/MM/DD'),'정규직',40,96,to_date('21/07/01','RR/MM/DD'));
Insert into CSHYEONJU.ADDITIONAL (NO,BIRTH,TYPE,WORKINGHOUR,VACATIONHOUR,ENTRY) values ('2022019',to_date('97/11/24','RR/MM/DD'),'정규직',40,96,to_date('21/07/01','RR/MM/DD'));
Insert into CSHYEONJU.ADDITIONAL (NO,BIRTH,TYPE,WORKINGHOUR,VACATIONHOUR,ENTRY) values ('2022020',to_date('98/10/09','RR/MM/DD'),'정규직',40,96,to_date('21/07/01','RR/MM/DD'));
Insert into CSHYEONJU.ADDITIONAL (NO,BIRTH,TYPE,WORKINGHOUR,VACATIONHOUR,ENTRY) values ('2022021',to_date('00/09/09','RR/MM/DD'),'정규직',40,96,to_date('21/07/01','RR/MM/DD'));
Insert into CSHYEONJU.ADDITIONAL (NO,BIRTH,TYPE,WORKINGHOUR,VACATIONHOUR,ENTRY) values ('2022022',to_date('99/05/04','RR/MM/DD'),'정규직',40,96,to_date('21/07/01','RR/MM/DD'));
Insert into CSHYEONJU.ADDITIONAL (NO,BIRTH,TYPE,WORKINGHOUR,VACATIONHOUR,ENTRY) values ('2022023',to_date('96/04/09','RR/MM/DD'),'정규직',40,96,to_date('21/07/01','RR/MM/DD'));
Insert into CSHYEONJU.ADDITIONAL (NO,BIRTH,TYPE,WORKINGHOUR,VACATIONHOUR,ENTRY) values ('2022024',to_date('00/11/23','RR/MM/DD'),'정규직',40,96,to_date('21/07/01','RR/MM/DD'));
REM INSERTING into CSHYEONJU.ANNUALSTATUS
SET DEFINE OFF;
Insert into CSHYEONJU.ANNUALSTATUS (EMPNO,YEAR,TYPE,TOTAL,LEFTOVER) values ('2022001','2022','연차','96','91');
Insert into CSHYEONJU.ANNUALSTATUS (EMPNO,YEAR,TYPE,TOTAL,LEFTOVER) values ('2022001','2022','대휴','24','24');
Insert into CSHYEONJU.ANNUALSTATUS (EMPNO,YEAR,TYPE,TOTAL,LEFTOVER) values ('2022002','2022','연차','96','96');
Insert into CSHYEONJU.ANNUALSTATUS (EMPNO,YEAR,TYPE,TOTAL,LEFTOVER) values ('2022003','2022','연차','96','96');
Insert into CSHYEONJU.ANNUALSTATUS (EMPNO,YEAR,TYPE,TOTAL,LEFTOVER) values ('2022004','2022','연차','96','96');
Insert into CSHYEONJU.ANNUALSTATUS (EMPNO,YEAR,TYPE,TOTAL,LEFTOVER) values ('2022005','2022','연차','96','88');
Insert into CSHYEONJU.ANNUALSTATUS (EMPNO,YEAR,TYPE,TOTAL,LEFTOVER) values ('2022006','2022','연차','96','96');
Insert into CSHYEONJU.ANNUALSTATUS (EMPNO,YEAR,TYPE,TOTAL,LEFTOVER) values ('2022007','2022','연차','96','96');
Insert into CSHYEONJU.ANNUALSTATUS (EMPNO,YEAR,TYPE,TOTAL,LEFTOVER) values ('2022008','2022','연차','96','96');
Insert into CSHYEONJU.ANNUALSTATUS (EMPNO,YEAR,TYPE,TOTAL,LEFTOVER) values ('2022009','2022','연차','96','96');
Insert into CSHYEONJU.ANNUALSTATUS (EMPNO,YEAR,TYPE,TOTAL,LEFTOVER) values ('2022010','2022','연차','96','96');
Insert into CSHYEONJU.ANNUALSTATUS (EMPNO,YEAR,TYPE,TOTAL,LEFTOVER) values ('2022011','2022','연차','96','96');
Insert into CSHYEONJU.ANNUALSTATUS (EMPNO,YEAR,TYPE,TOTAL,LEFTOVER) values ('2022012','2022','연차','96','96');
Insert into CSHYEONJU.ANNUALSTATUS (EMPNO,YEAR,TYPE,TOTAL,LEFTOVER) values ('2022013','2022','연차','96','96');
Insert into CSHYEONJU.ANNUALSTATUS (EMPNO,YEAR,TYPE,TOTAL,LEFTOVER) values ('2022014','2022','연차','96','96');
Insert into CSHYEONJU.ANNUALSTATUS (EMPNO,YEAR,TYPE,TOTAL,LEFTOVER) values ('2022015','2022','연차','96','96');
Insert into CSHYEONJU.ANNUALSTATUS (EMPNO,YEAR,TYPE,TOTAL,LEFTOVER) values ('2022016','2022','연차','96','96');
Insert into CSHYEONJU.ANNUALSTATUS (EMPNO,YEAR,TYPE,TOTAL,LEFTOVER) values ('2022017','2022','연차','96','96');
Insert into CSHYEONJU.ANNUALSTATUS (EMPNO,YEAR,TYPE,TOTAL,LEFTOVER) values ('2022018','2022','연차','96','96');
Insert into CSHYEONJU.ANNUALSTATUS (EMPNO,YEAR,TYPE,TOTAL,LEFTOVER) values ('2022019','2022','연차','96','96');
Insert into CSHYEONJU.ANNUALSTATUS (EMPNO,YEAR,TYPE,TOTAL,LEFTOVER) values ('2022020','2022','연차','96','96');
Insert into CSHYEONJU.ANNUALSTATUS (EMPNO,YEAR,TYPE,TOTAL,LEFTOVER) values ('2022021','2022','연차','96','96');
Insert into CSHYEONJU.ANNUALSTATUS (EMPNO,YEAR,TYPE,TOTAL,LEFTOVER) values ('2022022','2022','연차','96','96');
Insert into CSHYEONJU.ANNUALSTATUS (EMPNO,YEAR,TYPE,TOTAL,LEFTOVER) values ('2022023','2022','연차','96','96');
Insert into CSHYEONJU.ANNUALSTATUS (EMPNO,YEAR,TYPE,TOTAL,LEFTOVER) values ('2022024','2022','연차','96','96');
Insert into CSHYEONJU.ANNUALSTATUS (EMPNO,YEAR,TYPE,TOTAL,LEFTOVER) values ('2022025','2022','연차','96','96');
Insert into CSHYEONJU.ANNUALSTATUS (EMPNO,YEAR,TYPE,TOTAL,LEFTOVER) values ('2022026','2022','연차','96','96');
Insert into CSHYEONJU.ANNUALSTATUS (EMPNO,YEAR,TYPE,TOTAL,LEFTOVER) values ('2022027','2022','연차','96','96');
Insert into CSHYEONJU.ANNUALSTATUS (EMPNO,YEAR,TYPE,TOTAL,LEFTOVER) values ('2022028','2022','연차','96','96');
Insert into CSHYEONJU.ANNUALSTATUS (EMPNO,YEAR,TYPE,TOTAL,LEFTOVER) values ('2022029','2022','연차','96','96');
Insert into CSHYEONJU.ANNUALSTATUS (EMPNO,YEAR,TYPE,TOTAL,LEFTOVER) values ('2022030','2022','연차','96','96');
Insert into CSHYEONJU.ANNUALSTATUS (EMPNO,YEAR,TYPE,TOTAL,LEFTOVER) values ('2022031','2022','연차','96','96');
Insert into CSHYEONJU.ANNUALSTATUS (EMPNO,YEAR,TYPE,TOTAL,LEFTOVER) values ('2022032','2022','연차','96','96');
Insert into CSHYEONJU.ANNUALSTATUS (EMPNO,YEAR,TYPE,TOTAL,LEFTOVER) values ('2022033','2022','연차','96','96');
Insert into CSHYEONJU.ANNUALSTATUS (EMPNO,YEAR,TYPE,TOTAL,LEFTOVER) values ('2022034','2022','연차','96','96');
Insert into CSHYEONJU.ANNUALSTATUS (EMPNO,YEAR,TYPE,TOTAL,LEFTOVER) values ('2022035','2022','연차','96','96');
Insert into CSHYEONJU.ANNUALSTATUS (EMPNO,YEAR,TYPE,TOTAL,LEFTOVER) values ('2022036','2022','연차','96','96');
Insert into CSHYEONJU.ANNUALSTATUS (EMPNO,YEAR,TYPE,TOTAL,LEFTOVER) values ('2022038','2022','연차','96','96');
Insert into CSHYEONJU.ANNUALSTATUS (EMPNO,YEAR,TYPE,TOTAL,LEFTOVER) values ('2022039','2022','연차','96','96');
Insert into CSHYEONJU.ANNUALSTATUS (EMPNO,YEAR,TYPE,TOTAL,LEFTOVER) values ('2022040','2022','연차','96','96');
Insert into CSHYEONJU.ANNUALSTATUS (EMPNO,YEAR,TYPE,TOTAL,LEFTOVER) values ('2022041','2022','연차','96','96');
Insert into CSHYEONJU.ANNUALSTATUS (EMPNO,YEAR,TYPE,TOTAL,LEFTOVER) values ('2022042','2022','연차','96','96');
Insert into CSHYEONJU.ANNUALSTATUS (EMPNO,YEAR,TYPE,TOTAL,LEFTOVER) values ('2022043','2022','연차','96','96');
Insert into CSHYEONJU.ANNUALSTATUS (EMPNO,YEAR,TYPE,TOTAL,LEFTOVER) values ('2022044','2022','연차','96','96');
Insert into CSHYEONJU.ANNUALSTATUS (EMPNO,YEAR,TYPE,TOTAL,LEFTOVER) values ('2022045','2022','연차','96','96');
Insert into CSHYEONJU.ANNUALSTATUS (EMPNO,YEAR,TYPE,TOTAL,LEFTOVER) values ('2022046','2022','연차','96','96');
Insert into CSHYEONJU.ANNUALSTATUS (EMPNO,YEAR,TYPE,TOTAL,LEFTOVER) values ('2022047','2022','연차','96','96');
REM INSERTING into CSHYEONJU.ATTENDANCE
SET DEFINE OFF;
Insert into CSHYEONJU.ATTENDANCE (EMPNO,ATNDDATE,ATNDTYPE,STARTTIME,STOPTIME,NOTE,CONFIRM,CONFIRMUSER,CONFIRMTIME,TIME) values ('2022001',to_date('22/11/01','RR/MM/DD'),'출근','09:00','18:00',' ','승인','2022003',null,null);
Insert into CSHYEONJU.ATTENDANCE (EMPNO,ATNDDATE,ATNDTYPE,STARTTIME,STOPTIME,NOTE,CONFIRM,CONFIRMUSER,CONFIRMTIME,TIME) values ('2022001',to_date('22/11/02','RR/MM/DD'),'조퇴','09:00','15:00','병결조퇴','승인','2022003',null,null);
Insert into CSHYEONJU.ATTENDANCE (EMPNO,ATNDDATE,ATNDTYPE,STARTTIME,STOPTIME,NOTE,CONFIRM,CONFIRMUSER,CONFIRMTIME,TIME) values ('2022002',to_date('22/11/02','RR/MM/DD'),'결근',null,null,'무단결근','승인','2022003',null,null);
Insert into CSHYEONJU.ATTENDANCE (EMPNO,ATNDDATE,ATNDTYPE,STARTTIME,STOPTIME,NOTE,CONFIRM,CONFIRMUSER,CONFIRMTIME,TIME) values ('2022001',to_date('22/11/18','RR/MM/DD'),'휴가','09:00','13:00',null,'미승인',null,null,null);
Insert into CSHYEONJU.ATTENDANCE (EMPNO,ATNDDATE,ATNDTYPE,STARTTIME,STOPTIME,NOTE,CONFIRM,CONFIRMUSER,CONFIRMTIME,TIME) values ('2022001',to_date('22/11/22','RR/MM/DD'),'퇴근','12:08:44','04:01:39',null,'미승인',null,null,null);
Insert into CSHYEONJU.ATTENDANCE (EMPNO,ATNDDATE,ATNDTYPE,STARTTIME,STOPTIME,NOTE,CONFIRM,CONFIRMUSER,CONFIRMTIME,TIME) values ('2022001',to_date('22/11/30','RR/MM/DD'),'출근','09:00:00','13:00:00','오전반차','승인','2022001','06:20:14','12');
Insert into CSHYEONJU.ATTENDANCE (EMPNO,ATNDDATE,ATNDTYPE,STARTTIME,STOPTIME,NOTE,CONFIRM,CONFIRMUSER,CONFIRMTIME,TIME) values ('2022001',to_date('22/11/30','RR/MM/DD'),'휴가','12:08:44','04:01:39','수정12','승인','2022001','06:24:51','12');
Insert into CSHYEONJU.ATTENDANCE (EMPNO,ATNDDATE,ATNDTYPE,STARTTIME,STOPTIME,NOTE,CONFIRM,CONFIRMUSER,CONFIRMTIME,TIME) values ('2022001',to_date('22/12/20','RR/MM/DD'),'휴가','09:00:00','18:00:59','휴가','승인','2022001','04:55:29','5');
Insert into CSHYEONJU.ATTENDANCE (EMPNO,ATNDDATE,ATNDTYPE,STARTTIME,STOPTIME,NOTE,CONFIRM,CONFIRMUSER,CONFIRMTIME,TIME) values ('2022001',to_date('22/12/20','RR/MM/DD'),'퇴근','09:00:00','13:00:00','오전반차','승인','2022001','04:55:29','5');
Insert into CSHYEONJU.ATTENDANCE (EMPNO,ATNDDATE,ATNDTYPE,STARTTIME,STOPTIME,NOTE,CONFIRM,CONFIRMUSER,CONFIRMTIME,TIME) values ('2022005',to_date('22/12/01','RR/MM/DD'),'퇴근','09:00:00','18:00:00',null,'미승인',null,null,null);
Insert into CSHYEONJU.ATTENDANCE (EMPNO,ATNDDATE,ATNDTYPE,STARTTIME,STOPTIME,NOTE,CONFIRM,CONFIRMUSER,CONFIRMTIME,TIME) values ('2022001',to_date('22/12/01','RR/MM/DD'),'퇴근','09:00:00','18:00:00',null,'미승인',null,null,null);
Insert into CSHYEONJU.ATTENDANCE (EMPNO,ATNDDATE,ATNDTYPE,STARTTIME,STOPTIME,NOTE,CONFIRM,CONFIRMUSER,CONFIRMTIME,TIME) values ('2022005',to_date('22/12/02','RR/MM/DD'),'퇴근','09:00:00','18:00:00',null,'미승인',null,null,null);
Insert into CSHYEONJU.ATTENDANCE (EMPNO,ATNDDATE,ATNDTYPE,STARTTIME,STOPTIME,NOTE,CONFIRM,CONFIRMUSER,CONFIRMTIME,TIME) values ('2022001',to_date('22/12/02','RR/MM/DD'),'퇴근','09:00:00','18:00:00',null,'미승인',null,null,null);
Insert into CSHYEONJU.ATTENDANCE (EMPNO,ATNDDATE,ATNDTYPE,STARTTIME,STOPTIME,NOTE,CONFIRM,CONFIRMUSER,CONFIRMTIME,TIME) values ('2022005',to_date('22/12/05','RR/MM/DD'),'퇴근','09:00:00','18:00:00',null,'미승인',null,null,null);
Insert into CSHYEONJU.ATTENDANCE (EMPNO,ATNDDATE,ATNDTYPE,STARTTIME,STOPTIME,NOTE,CONFIRM,CONFIRMUSER,CONFIRMTIME,TIME) values ('2022001',to_date('22/12/05','RR/MM/DD'),'퇴근','09:00:00','18:00:00',null,'미승인',null,null,null);
Insert into CSHYEONJU.ATTENDANCE (EMPNO,ATNDDATE,ATNDTYPE,STARTTIME,STOPTIME,NOTE,CONFIRM,CONFIRMUSER,CONFIRMTIME,TIME) values ('2022005',to_date('22/12/06','RR/MM/DD'),'퇴근','09:00:00','18:00:00',null,'미승인',null,null,null);
Insert into CSHYEONJU.ATTENDANCE (EMPNO,ATNDDATE,ATNDTYPE,STARTTIME,STOPTIME,NOTE,CONFIRM,CONFIRMUSER,CONFIRMTIME,TIME) values ('2022001',to_date('22/12/06','RR/MM/DD'),'퇴근','09:00:00','18:00:00',null,'미승인',null,null,null);
Insert into CSHYEONJU.ATTENDANCE (EMPNO,ATNDDATE,ATNDTYPE,STARTTIME,STOPTIME,NOTE,CONFIRM,CONFIRMUSER,CONFIRMTIME,TIME) values ('2022002',to_date('22/11/30','RR/MM/DD'),'휴가','12:08:44','04:01:39','너임마','승인','2022001','06:25:16','12');
Insert into CSHYEONJU.ATTENDANCE (EMPNO,ATNDDATE,ATNDTYPE,STARTTIME,STOPTIME,NOTE,CONFIRM,CONFIRMUSER,CONFIRMTIME,TIME) values ('2022005',to_date('22/12/09','RR/MM/DD'),'퇴근','09:00:00','18:00:59','정상근무','승인','2022004','04:58:46','1');
Insert into CSHYEONJU.ATTENDANCE (EMPNO,ATNDDATE,ATNDTYPE,STARTTIME,STOPTIME,NOTE,CONFIRM,CONFIRMUSER,CONFIRMTIME,TIME) values ('2022005',to_date('22/12/07','RR/MM/DD'),'퇴근','09:00:00','18:00:00',null,'미승인',null,null,null);
Insert into CSHYEONJU.ATTENDANCE (EMPNO,ATNDDATE,ATNDTYPE,STARTTIME,STOPTIME,NOTE,CONFIRM,CONFIRMUSER,CONFIRMTIME,TIME) values ('2022001',to_date('22/12/07','RR/MM/DD'),'퇴근','09:00:00','18:00:00',null,'미승인',null,null,null);
Insert into CSHYEONJU.ATTENDANCE (EMPNO,ATNDDATE,ATNDTYPE,STARTTIME,STOPTIME,NOTE,CONFIRM,CONFIRMUSER,CONFIRMTIME,TIME) values ('2022005',to_date('22/12/08','RR/MM/DD'),'퇴근','09:00:00','18:00:00',null,'미승인',null,null,null);
Insert into CSHYEONJU.ATTENDANCE (EMPNO,ATNDDATE,ATNDTYPE,STARTTIME,STOPTIME,NOTE,CONFIRM,CONFIRMUSER,CONFIRMTIME,TIME) values ('2022001',to_date('22/12/08','RR/MM/DD'),'퇴근','09:00:00','18:00:00',null,'미승인',null,null,null);
Insert into CSHYEONJU.ATTENDANCE (EMPNO,ATNDDATE,ATNDTYPE,STARTTIME,STOPTIME,NOTE,CONFIRM,CONFIRMUSER,CONFIRMTIME,TIME) values ('2022001',to_date('22/12/09','RR/MM/DD'),'퇴근','09:00:00','18:00:00',null,'미승인',null,null,null);
Insert into CSHYEONJU.ATTENDANCE (EMPNO,ATNDDATE,ATNDTYPE,STARTTIME,STOPTIME,NOTE,CONFIRM,CONFIRMUSER,CONFIRMTIME,TIME) values ('2022005',to_date('22/12/12','RR/MM/DD'),'퇴근','09:00:00','18:00:00',null,'미승인',null,null,null);
Insert into CSHYEONJU.ATTENDANCE (EMPNO,ATNDDATE,ATNDTYPE,STARTTIME,STOPTIME,NOTE,CONFIRM,CONFIRMUSER,CONFIRMTIME,TIME) values ('2022001',to_date('22/12/12','RR/MM/DD'),'퇴근','09:00:00','18:00:00',null,'미승인',null,null,null);
Insert into CSHYEONJU.ATTENDANCE (EMPNO,ATNDDATE,ATNDTYPE,STARTTIME,STOPTIME,NOTE,CONFIRM,CONFIRMUSER,CONFIRMTIME,TIME) values ('2022005',to_date('22/12/13','RR/MM/DD'),'퇴근','09:00:00','18:00:00',null,'미승인',null,null,null);
Insert into CSHYEONJU.ATTENDANCE (EMPNO,ATNDDATE,ATNDTYPE,STARTTIME,STOPTIME,NOTE,CONFIRM,CONFIRMUSER,CONFIRMTIME,TIME) values ('2022001',to_date('22/12/13','RR/MM/DD'),'퇴근','09:00:00','18:00:00',null,'미승인',null,null,null);
REM INSERTING into CSHYEONJU.COMPANY
SET DEFINE OFF;
Insert into CSHYEONJU.COMPANY (CNAME,FOUNDING) values ('개발혁동조합',to_date('00/05/30','RR/MM/DD'));
REM INSERTING into CSHYEONJU.DEPT
SET DEFINE OFF;
Insert into CSHYEONJU.DEPT (CODE,NAME,COMPANY,LOCATION,SENIORDEPT) values ('MK000','영업부','개발혁동조합','본사 2층',null);
Insert into CSHYEONJU.DEPT (CODE,NAME,COMPANY,LOCATION,SENIORDEPT) values ('MK010','인천지점','개발혁동조합','인천시 남동구','MK000');
Insert into CSHYEONJU.DEPT (CODE,NAME,COMPANY,LOCATION,SENIORDEPT) values ('MK011','부천지점','개발혁동조합','경기도 부천시','MK000');
Insert into CSHYEONJU.DEPT (CODE,NAME,COMPANY,LOCATION,SENIORDEPT) values ('BS000','경영지원부','개발혁동조합','본사 3층',null);
Insert into CSHYEONJU.DEPT (CODE,NAME,COMPANY,LOCATION,SENIORDEPT) values ('MK012','서울지점','개발혁동조합','서울특별시 강남구','MK000');
Insert into CSHYEONJU.DEPT (CODE,NAME,COMPANY,LOCATION,SENIORDEPT) values ('BS010','경리팀','개발혁동조합','본사 3층','BS000');
Insert into CSHYEONJU.DEPT (CODE,NAME,COMPANY,LOCATION,SENIORDEPT) values ('BS011','지원팀','개발혁동조합','본사 3층','BS000');
Insert into CSHYEONJU.DEPT (CODE,NAME,COMPANY,LOCATION,SENIORDEPT) values ('DEV000','개발부','개발혁동조합','본사 25층',null);
Insert into CSHYEONJU.DEPT (CODE,NAME,COMPANY,LOCATION,SENIORDEPT) values ('DEV010','시스템팀','개발혁동조합','본사 26층','DEV000');
Insert into CSHYEONJU.DEPT (CODE,NAME,COMPANY,LOCATION,SENIORDEPT) values ('DEV011','모바일팀','개발혁동조합','본사 26층','DEV000');
Insert into CSHYEONJU.DEPT (CODE,NAME,COMPANY,LOCATION,SENIORDEPT) values ('ES000','이사회','개발혁동조합','본사 30층',null);
REM INSERTING into CSHYEONJU.EMP
SET DEFINE OFF;
Insert into CSHYEONJU.EMP (NO,PASSWORD,NAME,DEPT,RANK,TEL,EMAIL,STATUS) values ('2022001','qwe123','조현주','ES000','이사','01046706407','hyeonju.dlf@gmail.com','재직');
Insert into CSHYEONJU.EMP (NO,PASSWORD,NAME,DEPT,RANK,TEL,EMAIL,STATUS) values ('2022002','qwe123','정원동','ES000','이사','01093748513','jwd@gmail.com','재직');
Insert into CSHYEONJU.EMP (NO,PASSWORD,NAME,DEPT,RANK,TEL,EMAIL,STATUS) values ('2022003','qwe123','고미주','ES000','이사','01047289723','kmj@gmail.com','재직');
Insert into CSHYEONJU.EMP (NO,PASSWORD,NAME,DEPT,RANK,TEL,EMAIL,STATUS) values ('2022004','qwe123','김영업','MK000','부장','01034569876','nhj@gmail.com','재직');
Insert into CSHYEONJU.EMP (NO,PASSWORD,NAME,DEPT,RANK,TEL,EMAIL,STATUS) values ('2022005','qwe123','안영환','MK000','사원','01093749573','ayh@gmail.com','재직');
Insert into CSHYEONJU.EMP (NO,PASSWORD,NAME,DEPT,RANK,TEL,EMAIL,STATUS) values ('2022006','qwe123','탁민호','MK000','사원','01027489876','tmh@gmail.com','재직');
Insert into CSHYEONJU.EMP (NO,PASSWORD,NAME,DEPT,RANK,TEL,EMAIL,STATUS) values ('2022007','qwe123','김인천','MK010','지점장','01020394857','ycj@naver.com','재직');
Insert into CSHYEONJU.EMP (NO,PASSWORD,NAME,DEPT,RANK,TEL,EMAIL,STATUS) values ('2022008','qwe123','최서영','MK010','사원','01067584930','csy@naver.com','재직');
Insert into CSHYEONJU.EMP (NO,PASSWORD,NAME,DEPT,RANK,TEL,EMAIL,STATUS) values ('2022025','qwe123','김경리','BS010','팀장','01012345678','grkim@naver.com','재직');
Insert into CSHYEONJU.EMP (NO,PASSWORD,NAME,DEPT,RANK,TEL,EMAIL,STATUS) values ('2022026','qwe123','제갈용기','BS010','사원','01023345234','braveJG@naver.com','재직');
Insert into CSHYEONJU.EMP (NO,PASSWORD,NAME,DEPT,RANK,TEL,EMAIL,STATUS) values ('2022027','qwe123','봉원웅','BS010','사원','01075553493','bww@gmail.com','재직');
Insert into CSHYEONJU.EMP (NO,PASSWORD,NAME,DEPT,RANK,TEL,EMAIL,STATUS) values ('2022028','qwe123','배하민','BS010','사원','01043929246','haminShip@naver.com','재직');
Insert into CSHYEONJU.EMP (NO,PASSWORD,NAME,DEPT,RANK,TEL,EMAIL,STATUS) values ('2022029','qwe123','이영주','BS010','사원','01012348348','20ju@naver.com','재직');
Insert into CSHYEONJU.EMP (NO,PASSWORD,NAME,DEPT,RANK,TEL,EMAIL,STATUS) values ('2022030','qwe123','김지원','BS011','팀장','01059694392','jiwonKim@gmail.com','재직');
Insert into CSHYEONJU.EMP (NO,PASSWORD,NAME,DEPT,RANK,TEL,EMAIL,STATUS) values ('2022031','qwe123','조진철','BS011','사원','01023953829','jcjo@naver.com','재직');
Insert into CSHYEONJU.EMP (NO,PASSWORD,NAME,DEPT,RANK,TEL,EMAIL,STATUS) values ('2022032','qwe123','설인철','BS011','사원','01049392349','iniron@gmail.com','재직');
Insert into CSHYEONJU.EMP (NO,PASSWORD,NAME,DEPT,RANK,TEL,EMAIL,STATUS) values ('2022033','qwe123','윤태연','BS011','사원','01035843923','taeyeonyun@naver.com','재직');
Insert into CSHYEONJU.EMP (NO,PASSWORD,NAME,DEPT,RANK,TEL,EMAIL,STATUS) values ('2022034','qwe123','한혜경','BS011','사원','01034941413','hkhan@gmail.com','재직');
Insert into CSHYEONJU.EMP (NO,PASSWORD,NAME,DEPT,RANK,TEL,EMAIL,STATUS) values ('2022035','qwe123','김개발','DEV000','부장','01045932349','kimdevelop@naver.com','재직');
Insert into CSHYEONJU.EMP (NO,PASSWORD,NAME,DEPT,RANK,TEL,EMAIL,STATUS) values ('2022036','qwe123','유창호','DEV000','사원','01023345234','chang5@gmail.com','재직');
Insert into CSHYEONJU.EMP (NO,PASSWORD,NAME,DEPT,RANK,TEL,EMAIL,STATUS) values ('2022038','qwe123','김시스템','DEV010','팀장','01043929246','kimsystem@gmail.com','재직');
Insert into CSHYEONJU.EMP (NO,PASSWORD,NAME,DEPT,RANK,TEL,EMAIL,STATUS) values ('2022039','qwe123','심선민','DEV010','사원','01012348348','ssm@naver.com','재직');
Insert into CSHYEONJU.EMP (NO,PASSWORD,NAME,DEPT,RANK,TEL,EMAIL,STATUS) values ('2022040','qwe123','권선숙','DEV010','사원','01059694392','kss@gamil.com','재직');
Insert into CSHYEONJU.EMP (NO,PASSWORD,NAME,DEPT,RANK,TEL,EMAIL,STATUS) values ('2022041','qwe123','봉석희','DEV010','사원','01023953829','bsh2@naver.com','재직');
Insert into CSHYEONJU.EMP (NO,PASSWORD,NAME,DEPT,RANK,TEL,EMAIL,STATUS) values ('2022042','qwe123','정은욱','DEV010','사원','01049392349','juunk@naver.com','재직');
Insert into CSHYEONJU.EMP (NO,PASSWORD,NAME,DEPT,RANK,TEL,EMAIL,STATUS) values ('2022043','qwe123','김모바일','DEV011','팀장','01035843923','kimmobile@naver.com','재직');
Insert into CSHYEONJU.EMP (NO,PASSWORD,NAME,DEPT,RANK,TEL,EMAIL,STATUS) values ('2022044','qwe123','봉슬기','DEV011','사원','01034941413','bsg@naver.com','재직');
Insert into CSHYEONJU.EMP (NO,PASSWORD,NAME,DEPT,RANK,TEL,EMAIL,STATUS) values ('2022045','qwe123','추아름','DEV011','사원','01045932349','chuareum@naver.com','재직');
Insert into CSHYEONJU.EMP (NO,PASSWORD,NAME,DEPT,RANK,TEL,EMAIL,STATUS) values ('2022046','qwe123','양정아','DEV011','사원','01039391823','sideja@naver.com','재직');
Insert into CSHYEONJU.EMP (NO,PASSWORD,NAME,DEPT,RANK,TEL,EMAIL,STATUS) values ('2022047','qwe123','송태윤','DEV011','사원','01058431234','sty@naver.com','재직');
Insert into CSHYEONJU.EMP (NO,PASSWORD,NAME,DEPT,RANK,TEL,EMAIL,STATUS) values ('2022009','qwe123','하인정','MK010','사원','01091238456','hij@naver.com','재직');
Insert into CSHYEONJU.EMP (NO,PASSWORD,NAME,DEPT,RANK,TEL,EMAIL,STATUS) values ('2022010','qwe123','황보우영','MK010','사원','01078345609','hbwy@naver.com','재직');
Insert into CSHYEONJU.EMP (NO,PASSWORD,NAME,DEPT,RANK,TEL,EMAIL,STATUS) values ('2022011','qwe123','임종수','MK010','사원','01022334455','ijs@naver.com','재직');
Insert into CSHYEONJU.EMP (NO,PASSWORD,NAME,DEPT,RANK,TEL,EMAIL,STATUS) values ('2022012','qwe123','김부천','MK011','지점장','01099882233','ysa@naver.com','재직');
Insert into CSHYEONJU.EMP (NO,PASSWORD,NAME,DEPT,RANK,TEL,EMAIL,STATUS) values ('2022013','qwe123','복희윤','MK011','사원','01023907845','bhy@naver.com','재직');
Insert into CSHYEONJU.EMP (NO,PASSWORD,NAME,DEPT,RANK,TEL,EMAIL,STATUS) values ('2022014','qwe123','허병준','MK011','사원','01078924567','hbj@naver.com','재직');
Insert into CSHYEONJU.EMP (NO,PASSWORD,NAME,DEPT,RANK,TEL,EMAIL,STATUS) values ('2022015','qwe123','유기우','MK011','사원','01009878907','yky@naver.com','재직');
Insert into CSHYEONJU.EMP (NO,PASSWORD,NAME,DEPT,RANK,TEL,EMAIL,STATUS) values ('2022016','qwe123','한인호','MK011','사원','01088883333','hih@naver.com','재직');
Insert into CSHYEONJU.EMP (NO,PASSWORD,NAME,DEPT,RANK,TEL,EMAIL,STATUS) values ('2022017','qwe123','김서울','MK012','지점장','01013236576','jkih@naver.com','재직');
Insert into CSHYEONJU.EMP (NO,PASSWORD,NAME,DEPT,RANK,TEL,EMAIL,STATUS) values ('2022018','qwe123','설광석','MK012','사원','01087696814','sks@naver.com','재직');
Insert into CSHYEONJU.EMP (NO,PASSWORD,NAME,DEPT,RANK,TEL,EMAIL,STATUS) values ('2022019','qwe123','권재남','MK012','사원','01009230923','kjn@naver.com','재직');
Insert into CSHYEONJU.EMP (NO,PASSWORD,NAME,DEPT,RANK,TEL,EMAIL,STATUS) values ('2022020','qwe123','송창준','MK012','사원','01011431153','scj@naver.com','재직');
Insert into CSHYEONJU.EMP (NO,PASSWORD,NAME,DEPT,RANK,TEL,EMAIL,STATUS) values ('2022021','qwe123','권샘','MK012','사원','01056669977','ks@naver.com','재직');
Insert into CSHYEONJU.EMP (NO,PASSWORD,NAME,DEPT,RANK,TEL,EMAIL,STATUS) values ('2022022','qwe123','김경지','BS000','부장','01066779988','jja@naver.com','재직');
Insert into CSHYEONJU.EMP (NO,PASSWORD,NAME,DEPT,RANK,TEL,EMAIL,STATUS) values ('2022023','qwe123','황보유','BS000','사원','01045782367','hby@naver.com','재직');
Insert into CSHYEONJU.EMP (NO,PASSWORD,NAME,DEPT,RANK,TEL,EMAIL,STATUS) values ('2022024','qwe123','성용수','BS000','사원','01056893478','sys@naver.com','재직');
REM INSERTING into CSHYEONJU.WORKSTATUS
SET DEFINE OFF;
Insert into CSHYEONJU.WORKSTATUS (EMPNO,MONTH,PLANTIME,CURRENTTIME) values ('2022001','2022/12',196,5);
Insert into CSHYEONJU.WORKSTATUS (EMPNO,MONTH,PLANTIME,CURRENTTIME) values ('2022002','2022/12',196,0);
Insert into CSHYEONJU.WORKSTATUS (EMPNO,MONTH,PLANTIME,CURRENTTIME) values ('2022003','2022/12',196,0);
Insert into CSHYEONJU.WORKSTATUS (EMPNO,MONTH,PLANTIME,CURRENTTIME) values ('2022004','2022/12',196,0);
Insert into CSHYEONJU.WORKSTATUS (EMPNO,MONTH,PLANTIME,CURRENTTIME) values ('2022005','2022/12',196,9);
Insert into CSHYEONJU.WORKSTATUS (EMPNO,MONTH,PLANTIME,CURRENTTIME) values ('2022006','2022/12',196,0);
Insert into CSHYEONJU.WORKSTATUS (EMPNO,MONTH,PLANTIME,CURRENTTIME) values ('2022007','2022/12',196,0);
Insert into CSHYEONJU.WORKSTATUS (EMPNO,MONTH,PLANTIME,CURRENTTIME) values ('2022008','2022/12',196,0);
Insert into CSHYEONJU.WORKSTATUS (EMPNO,MONTH,PLANTIME,CURRENTTIME) values ('2022009','2022/12',196,0);
Insert into CSHYEONJU.WORKSTATUS (EMPNO,MONTH,PLANTIME,CURRENTTIME) values ('2022010','2022/12',196,0);
Insert into CSHYEONJU.WORKSTATUS (EMPNO,MONTH,PLANTIME,CURRENTTIME) values ('2022011','2022/12',196,0);
Insert into CSHYEONJU.WORKSTATUS (EMPNO,MONTH,PLANTIME,CURRENTTIME) values ('2022012','2022/12',196,0);
Insert into CSHYEONJU.WORKSTATUS (EMPNO,MONTH,PLANTIME,CURRENTTIME) values ('2022013','2022/12',196,0);
Insert into CSHYEONJU.WORKSTATUS (EMPNO,MONTH,PLANTIME,CURRENTTIME) values ('2022014','2022/12',196,0);
Insert into CSHYEONJU.WORKSTATUS (EMPNO,MONTH,PLANTIME,CURRENTTIME) values ('2022015','2022/12',196,0);
Insert into CSHYEONJU.WORKSTATUS (EMPNO,MONTH,PLANTIME,CURRENTTIME) values ('2022016','2022/12',196,0);
Insert into CSHYEONJU.WORKSTATUS (EMPNO,MONTH,PLANTIME,CURRENTTIME) values ('2022017','2022/12',196,0);
Insert into CSHYEONJU.WORKSTATUS (EMPNO,MONTH,PLANTIME,CURRENTTIME) values ('2022018','2022/12',196,0);
Insert into CSHYEONJU.WORKSTATUS (EMPNO,MONTH,PLANTIME,CURRENTTIME) values ('2022019','2022/12',196,0);
Insert into CSHYEONJU.WORKSTATUS (EMPNO,MONTH,PLANTIME,CURRENTTIME) values ('2022020','2022/12',196,0);
Insert into CSHYEONJU.WORKSTATUS (EMPNO,MONTH,PLANTIME,CURRENTTIME) values ('2022021','2022/12',196,0);
Insert into CSHYEONJU.WORKSTATUS (EMPNO,MONTH,PLANTIME,CURRENTTIME) values ('2022022','2022/12',196,0);
Insert into CSHYEONJU.WORKSTATUS (EMPNO,MONTH,PLANTIME,CURRENTTIME) values ('2022023','2022/12',196,0);
Insert into CSHYEONJU.WORKSTATUS (EMPNO,MONTH,PLANTIME,CURRENTTIME) values ('2022024','2022/12',196,0);
Insert into CSHYEONJU.WORKSTATUS (EMPNO,MONTH,PLANTIME,CURRENTTIME) values ('2022025','2022/12',196,0);
Insert into CSHYEONJU.WORKSTATUS (EMPNO,MONTH,PLANTIME,CURRENTTIME) values ('2022026','2022/12',196,0);
Insert into CSHYEONJU.WORKSTATUS (EMPNO,MONTH,PLANTIME,CURRENTTIME) values ('2022027','2022/12',196,0);
Insert into CSHYEONJU.WORKSTATUS (EMPNO,MONTH,PLANTIME,CURRENTTIME) values ('2022028','2022/12',196,0);
Insert into CSHYEONJU.WORKSTATUS (EMPNO,MONTH,PLANTIME,CURRENTTIME) values ('2022029','2022/12',196,0);
Insert into CSHYEONJU.WORKSTATUS (EMPNO,MONTH,PLANTIME,CURRENTTIME) values ('2022030','2022/12',196,0);
Insert into CSHYEONJU.WORKSTATUS (EMPNO,MONTH,PLANTIME,CURRENTTIME) values ('2022031','2022/12',196,0);
Insert into CSHYEONJU.WORKSTATUS (EMPNO,MONTH,PLANTIME,CURRENTTIME) values ('2022032','2022/12',196,0);
Insert into CSHYEONJU.WORKSTATUS (EMPNO,MONTH,PLANTIME,CURRENTTIME) values ('2022033','2022/12',196,0);
Insert into CSHYEONJU.WORKSTATUS (EMPNO,MONTH,PLANTIME,CURRENTTIME) values ('2022034','2022/12',196,0);
Insert into CSHYEONJU.WORKSTATUS (EMPNO,MONTH,PLANTIME,CURRENTTIME) values ('2022035','2022/12',196,0);
Insert into CSHYEONJU.WORKSTATUS (EMPNO,MONTH,PLANTIME,CURRENTTIME) values ('2022036','2022/12',196,0);
Insert into CSHYEONJU.WORKSTATUS (EMPNO,MONTH,PLANTIME,CURRENTTIME) values ('2022038','2022/12',196,0);
Insert into CSHYEONJU.WORKSTATUS (EMPNO,MONTH,PLANTIME,CURRENTTIME) values ('2022039','2022/12',196,0);
Insert into CSHYEONJU.WORKSTATUS (EMPNO,MONTH,PLANTIME,CURRENTTIME) values ('2022040','2022/12',196,0);
Insert into CSHYEONJU.WORKSTATUS (EMPNO,MONTH,PLANTIME,CURRENTTIME) values ('2022041','2022/12',196,0);
Insert into CSHYEONJU.WORKSTATUS (EMPNO,MONTH,PLANTIME,CURRENTTIME) values ('2022042','2022/12',196,0);
Insert into CSHYEONJU.WORKSTATUS (EMPNO,MONTH,PLANTIME,CURRENTTIME) values ('2022043','2022/12',196,0);
Insert into CSHYEONJU.WORKSTATUS (EMPNO,MONTH,PLANTIME,CURRENTTIME) values ('2022044','2022/12',196,0);
Insert into CSHYEONJU.WORKSTATUS (EMPNO,MONTH,PLANTIME,CURRENTTIME) values ('2022045','2022/12',196,0);
Insert into CSHYEONJU.WORKSTATUS (EMPNO,MONTH,PLANTIME,CURRENTTIME) values ('2022046','2022/12',196,0);
Insert into CSHYEONJU.WORKSTATUS (EMPNO,MONTH,PLANTIME,CURRENTTIME) values ('2022047','2022/12',196,0);
--------------------------------------------------------
--  DDL for Index EMP_PK
--------------------------------------------------------

  CREATE UNIQUE INDEX "CSHYEONJU"."EMP_PK" ON "CSHYEONJU"."EMP" ("NO") 
  PCTFREE 10 INITRANS 2 MAXTRANS 255 COMPUTE STATISTICS 
  STORAGE(INITIAL 65536 NEXT 1048576 MINEXTENTS 1 MAXEXTENTS 2147483645
  PCTINCREASE 0 FREELISTS 1 FREELIST GROUPS 1 BUFFER_POOL DEFAULT FLASH_CACHE DEFAULT CELL_FLASH_CACHE DEFAULT)
  TABLESPACE "SYSTEM" ;
--------------------------------------------------------
--  DDL for Index WORKSTATUS_PK
--------------------------------------------------------

  CREATE UNIQUE INDEX "CSHYEONJU"."WORKSTATUS_PK" ON "CSHYEONJU"."WORKSTATUS" ("EMPNO", "MONTH") 
  PCTFREE 10 INITRANS 2 MAXTRANS 255 COMPUTE STATISTICS 
  STORAGE(INITIAL 65536 NEXT 1048576 MINEXTENTS 1 MAXEXTENTS 2147483645
  PCTINCREASE 0 FREELISTS 1 FREELIST GROUPS 1 BUFFER_POOL DEFAULT FLASH_CACHE DEFAULT CELL_FLASH_CACHE DEFAULT)
  TABLESPACE "SYSTEM" ;
--------------------------------------------------------
--  DDL for Index DEPT_PK
--------------------------------------------------------

  CREATE UNIQUE INDEX "CSHYEONJU"."DEPT_PK" ON "CSHYEONJU"."DEPT" ("CODE") 
  PCTFREE 10 INITRANS 2 MAXTRANS 255 COMPUTE STATISTICS 
  STORAGE(INITIAL 65536 NEXT 1048576 MINEXTENTS 1 MAXEXTENTS 2147483645
  PCTINCREASE 0 FREELISTS 1 FREELIST GROUPS 1 BUFFER_POOL DEFAULT FLASH_CACHE DEFAULT CELL_FLASH_CACHE DEFAULT)
  TABLESPACE "SYSTEM" ;
--------------------------------------------------------
--  DDL for Index COMPANY_PK
--------------------------------------------------------

  CREATE UNIQUE INDEX "CSHYEONJU"."COMPANY_PK" ON "CSHYEONJU"."COMPANY" ("CNAME") 
  PCTFREE 10 INITRANS 2 MAXTRANS 255 COMPUTE STATISTICS 
  STORAGE(INITIAL 65536 NEXT 1048576 MINEXTENTS 1 MAXEXTENTS 2147483645
  PCTINCREASE 0 FREELISTS 1 FREELIST GROUPS 1 BUFFER_POOL DEFAULT FLASH_CACHE DEFAULT CELL_FLASH_CACHE DEFAULT)
  TABLESPACE "SYSTEM" ;
--------------------------------------------------------
--  DDL for Index ATTENDANCE_PK
--------------------------------------------------------

  CREATE UNIQUE INDEX "CSHYEONJU"."ATTENDANCE_PK" ON "CSHYEONJU"."ATTENDANCE" ("EMPNO", "ATNDDATE", "ATNDTYPE") 
  PCTFREE 10 INITRANS 2 MAXTRANS 255 COMPUTE STATISTICS 
  STORAGE(INITIAL 65536 NEXT 1048576 MINEXTENTS 1 MAXEXTENTS 2147483645
  PCTINCREASE 0 FREELISTS 1 FREELIST GROUPS 1 BUFFER_POOL DEFAULT FLASH_CACHE DEFAULT CELL_FLASH_CACHE DEFAULT)
  TABLESPACE "SYSTEM" ;
--------------------------------------------------------
--  DDL for Index ANNUALSTATUS_PK
--------------------------------------------------------

  CREATE UNIQUE INDEX "CSHYEONJU"."ANNUALSTATUS_PK" ON "CSHYEONJU"."ANNUALSTATUS" ("EMPNO", "YEAR", "TYPE") 
  PCTFREE 10 INITRANS 2 MAXTRANS 255 COMPUTE STATISTICS 
  STORAGE(INITIAL 65536 NEXT 1048576 MINEXTENTS 1 MAXEXTENTS 2147483645
  PCTINCREASE 0 FREELISTS 1 FREELIST GROUPS 1 BUFFER_POOL DEFAULT FLASH_CACHE DEFAULT CELL_FLASH_CACHE DEFAULT)
  TABLESPACE "SYSTEM" ;
--------------------------------------------------------
--  DDL for Index ADDITIONAL_PK
--------------------------------------------------------

  CREATE UNIQUE INDEX "CSHYEONJU"."ADDITIONAL_PK" ON "CSHYEONJU"."ADDITIONAL" ("NO") 
  PCTFREE 10 INITRANS 2 MAXTRANS 255 COMPUTE STATISTICS 
  STORAGE(INITIAL 65536 NEXT 1048576 MINEXTENTS 1 MAXEXTENTS 2147483645
  PCTINCREASE 0 FREELISTS 1 FREELIST GROUPS 1 BUFFER_POOL DEFAULT FLASH_CACHE DEFAULT CELL_FLASH_CACHE DEFAULT)
  TABLESPACE "SYSTEM" ;
--------------------------------------------------------
--  Constraints for Table DEPT
--------------------------------------------------------

  ALTER TABLE "CSHYEONJU"."DEPT" MODIFY ("CODE" NOT NULL ENABLE);
  ALTER TABLE "CSHYEONJU"."DEPT" ADD CONSTRAINT "DEPT_PK" PRIMARY KEY ("CODE")
  USING INDEX PCTFREE 10 INITRANS 2 MAXTRANS 255 COMPUTE STATISTICS 
  STORAGE(INITIAL 65536 NEXT 1048576 MINEXTENTS 1 MAXEXTENTS 2147483645
  PCTINCREASE 0 FREELISTS 1 FREELIST GROUPS 1 BUFFER_POOL DEFAULT FLASH_CACHE DEFAULT CELL_FLASH_CACHE DEFAULT)
  TABLESPACE "SYSTEM"  ENABLE;
--------------------------------------------------------
--  Constraints for Table EMP
--------------------------------------------------------

  ALTER TABLE "CSHYEONJU"."EMP" MODIFY ("NO" NOT NULL ENABLE);
  ALTER TABLE "CSHYEONJU"."EMP" ADD CONSTRAINT "EMP_PK" PRIMARY KEY ("NO")
  USING INDEX PCTFREE 10 INITRANS 2 MAXTRANS 255 COMPUTE STATISTICS 
  STORAGE(INITIAL 65536 NEXT 1048576 MINEXTENTS 1 MAXEXTENTS 2147483645
  PCTINCREASE 0 FREELISTS 1 FREELIST GROUPS 1 BUFFER_POOL DEFAULT FLASH_CACHE DEFAULT CELL_FLASH_CACHE DEFAULT)
  TABLESPACE "SYSTEM"  ENABLE;
--------------------------------------------------------
--  Constraints for Table COMPANY
--------------------------------------------------------

  ALTER TABLE "CSHYEONJU"."COMPANY" MODIFY ("CNAME" NOT NULL ENABLE);
  ALTER TABLE "CSHYEONJU"."COMPANY" ADD CONSTRAINT "COMPANY_PK" PRIMARY KEY ("CNAME")
  USING INDEX PCTFREE 10 INITRANS 2 MAXTRANS 255 COMPUTE STATISTICS 
  STORAGE(INITIAL 65536 NEXT 1048576 MINEXTENTS 1 MAXEXTENTS 2147483645
  PCTINCREASE 0 FREELISTS 1 FREELIST GROUPS 1 BUFFER_POOL DEFAULT FLASH_CACHE DEFAULT CELL_FLASH_CACHE DEFAULT)
  TABLESPACE "SYSTEM"  ENABLE;
--------------------------------------------------------
--  Constraints for Table ATTENDANCE
--------------------------------------------------------

  ALTER TABLE "CSHYEONJU"."ATTENDANCE" MODIFY ("EMPNO" NOT NULL ENABLE);
  ALTER TABLE "CSHYEONJU"."ATTENDANCE" MODIFY ("ATNDDATE" NOT NULL ENABLE);
  ALTER TABLE "CSHYEONJU"."ATTENDANCE" MODIFY ("ATNDTYPE" NOT NULL ENABLE);
  ALTER TABLE "CSHYEONJU"."ATTENDANCE" ADD CONSTRAINT "ATTENDANCE_PK" PRIMARY KEY ("EMPNO", "ATNDDATE", "ATNDTYPE")
  USING INDEX PCTFREE 10 INITRANS 2 MAXTRANS 255 COMPUTE STATISTICS 
  STORAGE(INITIAL 65536 NEXT 1048576 MINEXTENTS 1 MAXEXTENTS 2147483645
  PCTINCREASE 0 FREELISTS 1 FREELIST GROUPS 1 BUFFER_POOL DEFAULT FLASH_CACHE DEFAULT CELL_FLASH_CACHE DEFAULT)
  TABLESPACE "SYSTEM"  ENABLE;
--------------------------------------------------------
--  Constraints for Table ADDITIONAL
--------------------------------------------------------

  ALTER TABLE "CSHYEONJU"."ADDITIONAL" MODIFY ("NO" NOT NULL ENABLE);
  ALTER TABLE "CSHYEONJU"."ADDITIONAL" ADD CONSTRAINT "ADDITIONAL_PK" PRIMARY KEY ("NO")
  USING INDEX PCTFREE 10 INITRANS 2 MAXTRANS 255 COMPUTE STATISTICS 
  STORAGE(INITIAL 65536 NEXT 1048576 MINEXTENTS 1 MAXEXTENTS 2147483645
  PCTINCREASE 0 FREELISTS 1 FREELIST GROUPS 1 BUFFER_POOL DEFAULT FLASH_CACHE DEFAULT CELL_FLASH_CACHE DEFAULT)
  TABLESPACE "SYSTEM"  ENABLE;
--------------------------------------------------------
--  Constraints for Table ANNUALSTATUS
--------------------------------------------------------

  ALTER TABLE "CSHYEONJU"."ANNUALSTATUS" MODIFY ("YEAR" NOT NULL ENABLE);
  ALTER TABLE "CSHYEONJU"."ANNUALSTATUS" MODIFY ("TYPE" NOT NULL ENABLE);
  ALTER TABLE "CSHYEONJU"."ANNUALSTATUS" MODIFY ("EMPNO" NOT NULL ENABLE);
  ALTER TABLE "CSHYEONJU"."ANNUALSTATUS" ADD CONSTRAINT "ANNUALSTATUS_PK" PRIMARY KEY ("EMPNO", "YEAR", "TYPE")
  USING INDEX PCTFREE 10 INITRANS 2 MAXTRANS 255 COMPUTE STATISTICS 
  STORAGE(INITIAL 65536 NEXT 1048576 MINEXTENTS 1 MAXEXTENTS 2147483645
  PCTINCREASE 0 FREELISTS 1 FREELIST GROUPS 1 BUFFER_POOL DEFAULT FLASH_CACHE DEFAULT CELL_FLASH_CACHE DEFAULT)
  TABLESPACE "SYSTEM"  ENABLE;
--------------------------------------------------------
--  Constraints for Table WORKSTATUS
--------------------------------------------------------

  ALTER TABLE "CSHYEONJU"."WORKSTATUS" MODIFY ("EMPNO" NOT NULL ENABLE);
  ALTER TABLE "CSHYEONJU"."WORKSTATUS" MODIFY ("MONTH" NOT NULL ENABLE);
  ALTER TABLE "CSHYEONJU"."WORKSTATUS" ADD CONSTRAINT "WORKSTATUS_PK" PRIMARY KEY ("EMPNO", "MONTH")
  USING INDEX PCTFREE 10 INITRANS 2 MAXTRANS 255 COMPUTE STATISTICS 
  STORAGE(INITIAL 65536 NEXT 1048576 MINEXTENTS 1 MAXEXTENTS 2147483645
  PCTINCREASE 0 FREELISTS 1 FREELIST GROUPS 1 BUFFER_POOL DEFAULT FLASH_CACHE DEFAULT CELL_FLASH_CACHE DEFAULT)
  TABLESPACE "SYSTEM"  ENABLE;
--------------------------------------------------------
--  Ref Constraints for Table ADDITIONAL
--------------------------------------------------------

  ALTER TABLE "CSHYEONJU"."ADDITIONAL" ADD CONSTRAINT "ADDITIONAL" FOREIGN KEY ("NO")
	  REFERENCES "CSHYEONJU"."EMP" ("NO") ENABLE;
--------------------------------------------------------
--  Ref Constraints for Table ANNUALSTATUS
--------------------------------------------------------

  ALTER TABLE "CSHYEONJU"."ANNUALSTATUS" ADD CONSTRAINT "ANNUALSTATUS_EMP" FOREIGN KEY ("EMPNO")
	  REFERENCES "CSHYEONJU"."EMP" ("NO") ENABLE;
--------------------------------------------------------
--  Ref Constraints for Table ATTENDANCE
--------------------------------------------------------

  ALTER TABLE "CSHYEONJU"."ATTENDANCE" ADD CONSTRAINT "CONFIMUSER_EMP" FOREIGN KEY ("CONFIRMUSER")
	  REFERENCES "CSHYEONJU"."EMP" ("NO") ENABLE;
  ALTER TABLE "CSHYEONJU"."ATTENDANCE" ADD CONSTRAINT "EMPNO_EMP" FOREIGN KEY ("EMPNO")
	  REFERENCES "CSHYEONJU"."EMP" ("NO") ENABLE;
--------------------------------------------------------
--  Ref Constraints for Table DEPT
--------------------------------------------------------

  ALTER TABLE "CSHYEONJU"."DEPT" ADD CONSTRAINT "DEPT_COMPANY" FOREIGN KEY ("COMPANY")
	  REFERENCES "CSHYEONJU"."COMPANY" ("CNAME") ENABLE;
  ALTER TABLE "CSHYEONJU"."DEPT" ADD CONSTRAINT "DEPT_SENIORDEPT" FOREIGN KEY ("SENIORDEPT")
	  REFERENCES "CSHYEONJU"."DEPT" ("CODE") ENABLE;
--------------------------------------------------------
--  Ref Constraints for Table EMP
--------------------------------------------------------

  ALTER TABLE "CSHYEONJU"."EMP" ADD CONSTRAINT "DEPT_EMP" FOREIGN KEY ("DEPT")
	  REFERENCES "CSHYEONJU"."DEPT" ("CODE") ENABLE;
--------------------------------------------------------
--  Ref Constraints for Table WORKSTATUS
--------------------------------------------------------

  ALTER TABLE "CSHYEONJU"."WORKSTATUS" ADD CONSTRAINT "WORKSTATUS_EMP" FOREIGN KEY ("EMPNO")
	  REFERENCES "CSHYEONJU"."EMP" ("NO") ENABLE;
